locID,pnldep,mesh,fishID,sex,age,len,wgt
Deer Park,36.74,2.5,19108,NA,NA,316,400
Deer Park,40.09,3,19109,NA,NA,396,700
Deer Park,41.46,5,19110,M,NA,590,1800
Deer Park,41.46,5,19111,M,NA,516,1500
Deer Park,43.45,5.5,19112,NA,NA,414,800
Deer Park,45.58,4,19113,M,NA,481,1000
Deer Park,45.58,4,19114,NA,NA,600,2500
Deer Park,45.58,4,19115,NA,NA,494,1100
Deer Park,45.58,4,19116,NA,NA,545,1600
Deer Park,47.26,4.5,19117,F,NA,522,1500
Deer Park,48.78,3.5,19118,F,NA,465,900
Deer Park,48.78,3.5,19119,F,NA,520,1300
Deer Park,48.78,3.5,19120,F,NA,441,900
Deer Park,48.78,3.5,19121,M,NA,527,1600
Deer Park,48.78,3.5,19122,F,NA,554,1900
Deer Park,48.78,3.5,19123,F,NA,604,2500
Deer Park,49.85,2,19124,M,NA,442,700
Deer Park,49.85,2,19125,NA,NA,695,2000
Deer Park,52.29,2.5,19126,NA,NA,348,500
Deer Park,52.29,2.5,19127,F,NA,455,900
Deer Park,52.29,2.5,19128,NA,NA,309,400
Deer Park,54.27,3.5,19129,M,NA,479,1300
Deer Park,54.27,3.5,19130,F,NA,451,1100
Deer Park,54.27,3.5,19131,M,NA,533,1200
Deer Park,54.27,3.5,19132,M,NA,546,1900
Deer Park,54.27,3.5,19133,M,NA,490,1300
Deer Park,55.64,3,19134,F,NA,375,500
Deer Park,55.64,3,19135,M,NA,379,600
Deer Park,55.64,3,19136,M,NA,516,1500
Deer Park,55.64,3,19137,M,NA,380,500
Deer Park,55.64,3,19138,M,NA,360,400
Deer Park,55.64,3,19139,M,NA,397,600
Deer Park,55.64,3,19140,NA,NA,550,1700
Deer Park,55.64,3,19141,NA,NA,366,900
Deer Park,55.64,3,19142,NA,NA,575,2000
Deer Park,56.55,2,19143,F,NA,472,900
Deer Park,56.55,2,19144,M,NA,410,700
Deer Park,56.55,2,19145,F,NA,492,1100
Deer Park,56.55,2,19146,M,NA,440,900
Deer Park,56.55,2,19147,NA,NA,340,400
Deer Park,56.55,2,19148,NA,NA,254,200
Deer Park,56.55,2,19149,M,NA,541,1500
Deer Park,59.6,4,19150,M,NA,467,1100
Deer Park,59.6,4,19151,F,NA,484,1200
Deer Park,61.59,2,19152,NA,NA,250,200
Deer Park,61.59,2,19153,NA,NA,240,200
Deer Park,61.59,2,19154,M,NA,326,400
Deer Park,61.59,2,19155,F,NA,556,1700
Deer Park,64.48,2.5,19156,NA,NA,338,400
Deer Park,64.48,2.5,19157,M,NA,511,1100
Deer Park,64.48,2.5,19158,M,NA,420,700
Deer Park,64.48,2.5,19159,M,NA,530,1300
Deer Park,64.48,2.5,19160,F,NA,515,1300
Deer Park,66.31,4,19161,M,NA,515,1400
Deer Park,66.31,4,19162,M,NA,478,1100
Deer Park,66.31,4,19163,F,NA,615,2600
Deer Park,66.31,4,19164,F,NA,452,900
Deer Park,66.31,4,19165,F,NA,491,1200
Deer Park,66.92,3,19166,NA,NA,606,2400
Deer Park,67.99,5.5,19167,NA,NA,410,800
Deer Park,69.05,3.5,19168,F,NA,423,800
Deer Park,69.05,3.5,19169,M,NA,420,800
Deer Park,69.05,3.5,19170,F,NA,419,800
Deer Park,69.05,3.5,19171,M,NA,456,900
Deer Park,69.05,3.5,19172,M,NA,492,900
Deer Park,69.82,4.5,19173,F,NA,575,2100
Deer Park,69.82,4.5,19174,M,NA,484,1100
Deer Park,70.43,4.5,19175,M,NA,440,900
Deer Park,70.43,4.5,19176,M,NA,512,1600
Deer Park,70.88,2.5,19177,M,NA,528,1600
Deer Park,70.88,2.5,19178,F,NA,470,1000
Deer Park,70.88,2.5,19179,M,NA,342,400
Deer Park,70.88,2.5,19180,M,NA,332,400
Deer Park,71.34,4,19181,NA,NA,460,1200
Deer Park,71.34,4,19182,NA,NA,545,1500
Deer Park,71.65,2,19183,M,NA,296,400
Deer Park,71.65,2,19184,M,NA,300,300
Deer Park,71.65,2,19185,M,NA,305,400
Deer Park,73.32,5.5,19186,M,NA,331,400
Deer Park,73.78,3.5,19187,M,NA,469,900
Deer Park,73.78,3.5,19188,F,NA,460,1100
Deer Park,73.78,3.5,19189,F,NA,512,1300
Deer Park,73.48,3,19190,F,NA,510,1400
Deer Park,18.14,4,19191,F,NA,556,1900
Deer Park,17.99,2,19192,F,NA,350,500
Deer Park,20.12,4.5,19193,F,NA,420,800
Deer Park,21.34,3.5,19194,F,NA,443,900
Deer Park,19.05,3.5,19202,M,NA,445,800
Deer Park,21.34,2.5,19209,F,NA,490,1000
Blind Sucker,37.04,2.5,19823,M,7,368,300
Blind Sucker,58.69,3.5,19729,M,13,378,500
Little Lake Harbor,37.65,3.5,19231,NA,NA,459,900
Blind Sucker,28.66,2.5,19686,F,7,368,400
Little Lake Harbor,40.7,3.5,19233,NA,NA,495,1300
Little Lake Harbor,51.37,3.5,19344,F,10,370,1000
Little Lake Harbor,41.46,2,19235,NA,12,451,900
Little Lake Harbor,42.53,4,19236,NA,NA,500,1250
Little Lake Harbor,33.38,2.5,19227,M,8,379,700
Blind Sucker,60.06,4,19774,M,8,407,600
Blind Sucker,62.04,4,19747,M,8,411,500
Blind Sucker,48.17,3,19864,F,8,378,400
Blind Sucker,69.51,3,19750,M,9,413,500
Blind Sucker,56.71,2.5,19726,F,7,394,500
Little Lake Harbor,43.75,3.5,19312,F,9,412,600
Blind Sucker,68.75,2.5,19755,M,11,416,800
Blind Sucker,25.76,4,19699,F,9,421,600
Blind Sucker,60.06,4,19770,F,8,422,400
Blind Sucker,58.69,3.5,19732,F,9,426,500
Blind Sucker,47.1,3.5,19860,F,10,435,600
Little Lake Harbor,49.54,3.5,19251,NA,NA,498,1000
Blind Sucker,60.06,4,19769,M,7,423,600
Little Lake Harbor,51.83,4,19339,M,9,424,700
Little Lake Harbor,49.54,3.5,19254,NA,NA,620,2200
Little Lake Harbor,24.24,4,19256,NA,NA,465,900
Little Lake Harbor,24.24,4,19257,NA,NA,483,1200
Little Lake Harbor,37.04,3,19299,F,10,448,850
Little Lake Harbor,44.66,3,19314,M,10,425,850
Little Lake Harbor,23.63,4.5,19261,NA,NA,526,1300
Blind Sucker,60.06,4,19772,M,12,428,700
Little Lake Harbor,36.13,2.5,19298,M,10,432,650
Little Lake Harbor,51.83,4,19340,F,10,452,1000
Little Lake Harbor,41.31,3.5,19305,F,10,455,900
Blind Sucker,54.42,3,19723,M,10,433,600
Blind Sucker,56.71,2.5,19727,M,8,436,600
Blind Sucker,68.75,2.5,19752,M,8,437,500
Blind Sucker,62.2,4,19764,F,10,455,600
Little Lake Harbor,21.04,4,19275,NA,NA,520,1300
Little Lake Harbor,21.04,5,19276,NA,NA,583,1700
Blind Sucker,60.52,2,19765,F,12,455,700
Blind Sucker,59.91,3.5,19777,M,9,437,1100
Blind Sucker,24.24,2.5,19703,F,9,460,800
Little Lake Harbor,21.04,2.5,19277,F,10,461,1000
Blind Sucker,43.45,3.5,19844,F,10,462,800
Blind Sucker,22.87,3,19780,F,10,465,800
Little Lake Harbor,44.66,3,19315,F,10,469,1050
Blind Sucker,62.04,4,19746,M,7,438,1000
Little Lake Harbor,22.41,4,19294,F,NA,492,1400
Little Lake Harbor,36.13,2.5,19296,M,NA,387,500
Blind Sucker,28.05,3.5,19688,F,9,473,900
Blind Sucker,68.75,2.5,19753,M,8,444,300
Blind Sucker,60.06,4,19768,F,11,476,900
Blind Sucker,20.88,4,19717,M,10,446,600
Blind Sucker,54.42,3,19725,M,10,452,700
Blind Sucker,28.05,3.5,19691,F,8,478,900
Little Lake Harbor,51.83,4,19337,F,10,485,1500
Blind Sucker,62.2,4,19763,F,11,487,800
Little Lake Harbor,39.79,4,19303,F,10,491,1600
Blind Sucker,63.26,4.5,19737,F,11,492,1100
Little Lake Harbor,44.66,3,19316,F,12,493,1000
Little Lake Harbor,43.14,2.5,19309,M,NA,462,850
Little Lake Harbor,50.76,6,19323,F,12,495,1200
Blind Sucker,26.37,4,19697,M,10,453,900
Blind Sucker,68.75,2.5,19754,F,10,495,1100
Blind Sucker,54.42,3,19724,M,10,456,700
Little Lake Harbor,19.21,4,19288,F,8,496,600
Blind Sucker,36.43,4.5,19820,F,10,500,NA
Little Lake Harbor,48.63,2,19249,F,10,502,1200
Little Lake Harbor,51.37,3.5,19343,F,9,502,1200
Blind Sucker,58.69,3.5,19731,M,14,458,800
Little Lake Harbor,22.1,4.5,19269,M,9,460,1300
Blind Sucker,25.46,3.5,19700,M,12,461,900
Blind Sucker,45.58,4.5,19721,F,11,502,600
Blind Sucker,60.06,4,19767,F,10,509,1800
Blind Sucker,23.93,5.5,19705,M,9,461,700
Blind Sucker,43.45,3.5,19845,F,13,510,1100
Blind Sucker,19.97,3.5,19787,M,9,462,1000
Little Lake Harbor,37.8,5,19301,M,10,463,900
Little Lake Harbor,46.8,4.5,19246,M,10,466,1000
Little Lake Harbor,45.58,2,19317,F,12,511,1300
Little Lake Harbor,21.19,3.5,19273,M,11,466,1150
Grand Marais,55.95,2.5,19915,F,11,511,1200
Little Lake Harbor,37.65,3.5,19232,F,11,512,1250
Little Lake Harbor,48.93,5,19250,F,11,512,1350
Little Lake Harbor,51.83,4,19338,M,10,468,1200
Little Lake Harbor,46.49,3.5,19243,M,11,471,1150
Little Lake Harbor,22.87,3.5,19266,F,12,513,1200
Little Lake Harbor,20.73,4,19284,F,11,513,1800
Grand Marais,50.46,4,19909,F,11,514,1500
Blind Sucker,62.35,3.5,19742,F,11,516,1300
Little Lake Harbor,48.32,4,19248,F,11,518,1400
Blind Sucker,28.05,3.5,19690,M,11,472,800
Blind Sucker,68.75,2.5,19758,F,11,518,1200
Deer Park,40.85,2.5,19347,M,NA,408,500
Deer Park,40.85,2.5,19348,M,NA,468,900
Deer Park,40.85,2.5,19349,F,NA,366,400
Deer Park,40.85,2.5,19350,M,NA,417,600
Deer Park,48.63,4.5,19352,F,NA,515,1200
Deer Park,48.63,4.5,19353,F,NA,544,2000
Deer Park,48.63,4.5,19354,F,NA,505,1300
Deer Park,48.63,4.5,19355,M,NA,503,1400
Deer Park,48.63,4.5,19356,F,NA,512,1500
Deer Park,48.63,4.5,19358,M,NA,577,2600
Deer Park,48.63,4.5,19359,M,NA,483,1100
Deer Park,48.63,4.5,19360,M,NA,602,2000
Deer Park,48.63,4.5,19361,M,NA,471,900
Deer Park,48.63,4.5,19362,F,NA,540,1600
Deer Park,48.63,4.5,19363,M,NA,577,1600
Deer Park,48.63,4.5,19364,M,NA,472,1000
Deer Park,51.68,3.5,19365,M,NA,473,1000
Deer Park,51.68,3.5,19366,F,NA,504,1500
Deer Park,51.68,3.5,19367,F,NA,498,1400
Deer Park,51.68,3.5,19368,F,NA,551,1700
Deer Park,51.68,3.5,19369,M,NA,501,1000
Deer Park,51.68,3.5,19370,F,NA,606,2500
Deer Park,51.68,3.5,19371,M,NA,502,900
Deer Park,51.68,3.5,19372,M,NA,519,1300
Deer Park,51.68,3.5,19373,F,NA,436,700
Deer Park,51.68,3.5,19374,M,NA,492,1200
Deer Park,51.68,3.5,19375,M,NA,443,900
Deer Park,51.68,3.5,19376,F,NA,548,1300
Deer Park,51.68,3.5,19377,F,NA,531,1600
Deer Park,53.96,4,19378,M,NA,495,1000
Deer Park,53.96,4,19379,M,NA,544,1700
Deer Park,53.96,4,19380,M,NA,607,2200
Deer Park,53.96,4,19381,M,NA,514,1300
Deer Park,55.49,2,19382,M,NA,516,1300
Deer Park,58.08,5,19383,M,NA,589,2500
Deer Park,58.08,5,19384,M,NA,519,1500
Deer Park,58.08,5,19385,F,NA,540,1600
Deer Park,58.08,5,19386,F,NA,558,2100
Deer Park,58.08,5,19387,F,NA,552,1500
Deer Park,58.08,5,19388,F,NA,516,1700
Deer Park,58.08,5,19389,F,NA,541,1400
Deer Park,58.08,5,19390,F,NA,549,1500
Deer Park,58.08,5,19391,M,NA,507,1300
Deer Park,59.3,5.5,19392,F,NA,574,1700
Deer Park,59.3,5.5,19393,F,NA,623,2600
Deer Park,59.3,5.5,19394,M,NA,506,1300
Deer Park,59.3,5.5,19395,F,NA,574,1600
Deer Park,59.3,5.5,19396,M,NA,540,1500
Deer Park,59.91,4,19397,M,NA,536,1300
Deer Park,59.91,4,19398,M,NA,476,1000
Deer Park,59.91,4,19399,M,NA,460,900
Deer Park,59.91,4,19400,F,NA,562,1700
Deer Park,59.91,4,19401,M,NA,555,1500
Deer Park,60.37,3.5,19402,F,NA,539,1100
Deer Park,60.37,3.5,19403,M,NA,534,1400
Deer Park,60.37,3.5,19404,M,NA,482,900
Deer Park,60.37,3.5,19405,M,NA,518,1100
Deer Park,60.37,3.5,19406,M,NA,494,1000
Deer Park,60.37,3.5,19407,F,NA,562,1800
Deer Park,60.37,3.5,19408,F,NA,511,1400
Deer Park,60.37,3.5,19409,M,NA,516,1600
Deer Park,60.37,3.5,19410,F,NA,498,1000
Deer Park,60.37,3.5,19411,M,NA,486,1100
Deer Park,60.37,3.5,19412,M,NA,509,1000
Deer Park,60.37,3.5,19413,F,NA,505,1300
Deer Park,60.37,3.5,19414,M,NA,487,1200
Deer Park,60.37,3.5,19415,M,NA,498,1300
Deer Park,60.37,3.5,19416,M,NA,446,700
Deer Park,60.37,3.5,19417,F,NA,426,700
Deer Park,60.37,3.5,19418,M,NA,484,1000
Deer Park,60.37,3.5,19419,F,NA,504,1300
Deer Park,60.37,3.5,19420,F,NA,512,1100
Deer Park,60.37,3.5,19421,M,NA,491,900
Deer Park,60.37,3.5,19422,F,NA,421,600
Deer Park,60.37,3.5,19423,M,NA,402,600
Deer Park,61.13,6,19425,M,NA,490,1300
Deer Park,61.89,2,19426,M,NA,246,200
Deer Park,62.5,5,19427,F,NA,534,1400
Deer Park,62.5,5,19428,M,NA,501,1100
Deer Park,62.5,5,19429,M,NA,530,1500
Deer Park,63.11,4.5,19430,F,NA,486,1300
Deer Park,63.11,4.5,19431,M,NA,592,1900
Deer Park,63.11,4.5,19432,M,NA,476,900
Deer Park,63.11,4.5,19433,M,NA,487,1200
Deer Park,63.11,4.5,19434,F,NA,559,1600
Deer Park,63.11,4.5,19435,M,NA,488,1200
Deer Park,63.11,4.5,19436,M,NA,508,1500
Deer Park,63.11,4.5,19437,F,NA,526,1400
Deer Park,63.11,4.5,19438,F,NA,594,2000
Deer Park,63.11,4.5,19439,M,NA,424,1000
Deer Park,63.11,4.5,19440,F,NA,585,1000
Deer Park,63.11,4.5,19441,M,NA,489,1000
Deer Park,63.11,4.5,19442,F,NA,487,1000
Deer Park,63.11,4.5,19443,M,NA,510,1300
Deer Park,63.11,4.5,19444,M,NA,538,1600
Deer Park,63.87,2.5,19445,M,NA,525,1000
Deer Park,63.87,2.5,19446,M,NA,512,1400
Deer Park,63.87,2.5,19447,F,NA,512,1400
Deer Park,63.87,2.5,19448,M,NA,497,1400
Deer Park,63.87,2.5,19449,M,NA,556,1700
Deer Park,63.87,2.5,19450,M,NA,467,1100
Deer Park,63.87,2.5,19451,M,NA,526,1300
Deer Park,63.87,2.5,19452,M,NA,382,500
Deer Park,63.87,2.5,19453,F,NA,466,1000
Deer Park,63.87,2.5,19454,M,NA,498,1100
Deer Park,63.87,2.5,19455,M,NA,515,1200
Deer Park,65.09,5.5,19456,F,NA,477,900
Deer Park,65.09,5.5,19457,M,NA,552,1400
Deer Park,65.09,5.5,19458,M,NA,582,1700
Deer Park,65.09,5.5,19459,M,NA,489,900
Deer Park,65.09,5.5,19460,M,NA,520,1500
Deer Park,65.09,5.5,19461,F,NA,529,1200
Deer Park,65.09,5.5,19462,M,NA,564,1700
Deer Park,65.09,5.5,19463,F,NA,520,1400
Deer Park,65.09,5.5,19464,M,NA,486,1000
Deer Park,65.09,5.5,19465,F,NA,560,1700
Deer Park,65.09,5.5,19466,F,NA,480,1000
Deer Park,65.09,5.5,19467,M,NA,486,1000
Deer Park,66.46,3,19468,M,NA,515,1300
Deer Park,66.46,3,19469,M,NA,470,1000
Deer Park,66.46,3,19470,F,NA,506,1400
Deer Park,66.46,3,19471,M,NA,449,800
Deer Park,66.46,3,19472,M,NA,507,1400
Deer Park,66.46,3,19473,M,NA,493,1200
Deer Park,66.46,3,19474,M,NA,506,1000
Deer Park,66.46,3,19475,M,NA,320,300
Deer Park,66.46,3,19476,F,NA,535,1500
Deer Park,66.46,3,19477,M,NA,374,500
Deer Park,66.46,3,19478,M,NA,372,500
Deer Park,66.46,3,19479,M,NA,381,500
Deer Park,66.46,3,19480,F,NA,426,700
Deer Park,66.46,3,19481,M,NA,405,600
Deer Park,66.46,3,19482,M,NA,440,1000
Deer Park,66.46,3,19483,F,NA,410,600
Deer Park,67.23,2,19484,F,NA,501,1000
Deer Park,67.23,2,19485,M,NA,489,1300
Deer Park,67.23,2,19486,F,NA,540,1100
Deer Park,67.23,2,19487,M,NA,426,800
Deer Park,67.23,2,19488,M,NA,522,1600
Deer Park,67.23,2,19489,M,NA,449,900
Deer Park,67.23,2,19490,M,NA,422,800
Deer Park,67.53,4.5,19491,M,NA,509,1200
Deer Park,67.53,4.5,19492,F,NA,583,1900
Deer Park,67.53,4.5,19493,F,NA,506,1200
Deer Park,67.53,4.5,19494,M,NA,572,1600
Deer Park,67.53,4.5,19495,F,NA,566,1700
Deer Park,67.53,4.5,19496,F,NA,549,1600
Deer Park,67.53,4.5,19497,M,NA,478,1000
Deer Park,67.53,4.5,19498,M,NA,495,1100
Deer Park,67.53,4.5,19499,F,NA,520,1500
Deer Park,67.53,4.5,19500,F,NA,492,1100
Deer Park,67.53,4.5,19501,M,NA,449,900
Deer Park,68.6,3,19502,M,NA,542,1200
Deer Park,68.6,3,19503,M,NA,484,1000
Deer Park,68.6,3,19504,M,NA,459,900
Deer Park,68.6,3,19505,F,NA,410,600
Deer Park,68.6,3,19506,F,NA,452,600
Deer Park,68.6,3,19507,M,NA,422,700
Deer Park,68.6,3,19508,M,NA,519,1500
Deer Park,68.6,3,19509,F,NA,532,1800
Deer Park,68.6,3,19510,M,NA,414,600
Deer Park,68.6,3,19511,M,NA,635,2900
Deer Park,68.6,3,19512,F,NA,493,1300
Deer Park,68.6,3,19513,M,NA,500,1300
Deer Park,68.6,3,19514,F,NA,386,500
Deer Park,68.6,3,19515,F,NA,542,1600
Deer Park,68.6,3,19516,M,NA,420,700
Deer Park,68.6,3,19517,F,NA,412,600
Deer Park,68.6,3,19518,F,NA,493,1100
Deer Park,69.21,2.5,19519,M,NA,444,800
Deer Park,69.21,2.5,19520,M,NA,544,1400
Deer Park,69.21,2.5,19521,M,NA,489,1200
Deer Park,69.21,2.5,19522,M,NA,487,900
Deer Park,69.21,2.5,19523,F,NA,465,1000
Deer Park,69.21,2.5,19524,F,NA,379,500
Deer Park,69.21,2.5,19525,M,NA,490,1200
Deer Park,69.21,2.5,19526,F,NA,381,500
Deer Park,69.21,2.5,19527,F,NA,445,800
Deer Park,69.21,2.5,19528,F,NA,401,500
Deer Park,69.21,2.5,19529,F,NA,609,2100
Deer Park,69.21,2.5,19530,F,NA,426,700
Deer Park,69.21,2.5,19531,M,NA,472,1100
Deer Park,69.21,2.5,19532,F,NA,364,500
Deer Park,69.21,2.5,19533,M,NA,338,400
Deer Park,69.82,3.5,19534,M,NA,519,1100
Deer Park,69.82,3.5,19535,M,NA,493,1100
Deer Park,69.82,3.5,19536,M,NA,492,1200
Deer Park,69.82,3.5,19537,F,NA,512,1200
Deer Park,69.82,3.5,19538,M,NA,480,1100
Deer Park,69.82,3.5,19539,M,NA,449,900
Deer Park,69.82,3.5,19540,F,NA,508,1400
Deer Park,69.82,3.5,19541,M,NA,519,1400
Deer Park,69.82,3.5,19542,F,NA,545,1500
Deer Park,69.82,3.5,19543,F,NA,496,1100
Deer Park,69.82,3.5,19544,M,NA,406,600
Deer Park,69.82,3.5,19545,F,NA,461,800
Deer Park,69.82,3.5,19546,F,NA,414,1300
Deer Park,69.82,3.5,19547,F,NA,506,1100
Deer Park,69.82,3.5,19548,M,NA,483,900
Deer Park,69.82,3.5,19549,M,NA,502,1100
Deer Park,69.82,3.5,19550,F,NA,530,1300
Deer Park,69.82,3.5,19551,F,NA,434,700
Deer Park,69.82,3.5,19552,F,NA,435,1600
Deer Park,69.82,3.5,19553,F,NA,573,1800
Deer Park,69.82,3.5,19554,F,NA,491,1100
Deer Park,69.82,3.5,19555,F,NA,400,700
Deer Park,69.82,3.5,19556,M,NA,439,600
Deer Park,70.73,4,19557,M,NA,621,2300
Deer Park,70.73,4,19558,M,NA,580,1800
Deer Park,70.73,4,19559,F,NA,485,1200
Deer Park,70.73,4,19560,F,NA,482,1300
Deer Park,70.73,4,19561,F,NA,551,1600
Deer Park,70.73,4,19562,F,NA,562,1800
Deer Park,71.65,5,19563,F,NA,549,1300
Deer Park,71.65,5,19564,F,NA,524,1500
Deer Park,71.65,5,19565,M,NA,481,1100
Deer Park,71.65,5,19566,M,NA,490,1200
Deer Park,71.65,5,19567,M,NA,528,1300
Deer Park,71.65,5,19568,F,NA,531,1500
Deer Park,71.65,5,19569,M,NA,544,1400
Deer Park,71.65,5,19570,F,NA,529,1500
Deer Park,71.65,5,19571,F,NA,575,1700
Deer Park,72.71,6,19572,F,NA,451,800
Deer Park,72.71,6,19573,M,NA,540,1500
Deer Park,73.48,3,19574,M,NA,450,700
Deer Park,73.48,3,19575,F,NA,495,1000
Deer Park,73.78,2.5,19576,M,NA,553,1600
Deer Park,73.78,2.5,19577,M,NA,741,4300
Deer Park,73.78,2.5,19578,F,NA,592,1700
Deer Park,73.78,2.5,19579,M,NA,529,1300
Deer Park,73.78,2.5,19580,M,NA,526,1400
Deer Park,73.78,2.5,19581,F,NA,477,1000
Deer Park,73.78,2.5,19582,F,NA,528,1400
Deer Park,73.78,2.5,19583,M,NA,508,1200
Deer Park,73.78,2.5,19584,F,NA,476,1100
Deer Park,73.78,2.5,19585,F,NA,381,500
Deer Park,73.78,2.5,19586,F,NA,418,600
Deer Park,73.78,2.5,19587,F,NA,472,1000
Deer Park,73.78,2.5,19588,M,NA,407,500
Deer Park,73.78,2.5,19589,F,NA,380,500
Deer Park,73.78,2.5,19590,M,NA,373,500
Deer Park,73.78,2.5,19591,M,NA,438,700
Deer Park,74.24,4.5,19592,F,NA,513,1300
Deer Park,74.24,4.5,19593,F,NA,530,1400
Deer Park,74.24,4.5,19594,M,NA,532,1200
Deer Park,74.24,4.5,19595,F,NA,593,2200
Deer Park,74.24,4.5,19596,F,NA,548,1900
Deer Park,74.24,4.5,19597,M,NA,528,1400
Deer Park,74.24,4.5,19598,F,NA,550,1300
Deer Park,74.24,4.5,19599,M,NA,450,700
Deer Park,74.24,4.5,19600,M,NA,521,1300
Deer Park,74.24,4.5,19601,M,NA,500,1100
Deer Park,74.7,6,19602,M,NA,560,1000
Deer Park,75.46,5,19603,M,NA,515,1400
Deer Park,75.46,5,19604,M,NA,576,1400
Deer Park,75.46,5,19605,M,NA,498,1200
Deer Park,75.46,5,19606,M,NA,584,1600
Deer Park,75.46,5,19607,F,NA,568,700
Deer Park,76.52,5.5,19609,F,NA,548,1800
Deer Park,76.52,5.5,19610,M,NA,618,2100
Deer Park,76.52,5.5,19611,F,NA,522,1200
Deer Park,76.83,3.5,19612,F,NA,597,2100
Deer Park,76.83,3.5,19613,F,NA,429,700
Deer Park,76.83,3.5,19614,M,NA,530,1500
Deer Park,76.83,3.5,19615,M,NA,556,1700
Deer Park,76.83,3.5,19616,F,NA,544,1500
Deer Park,76.83,3.5,19617,F,NA,523,1400
Deer Park,76.83,3.5,19618,F,NA,493,1200
Deer Park,76.83,3.5,19619,F,NA,500,1200
Deer Park,76.83,3.5,19620,F,NA,539,1400
Deer Park,76.83,3.5,19621,M,NA,486,1100
Deer Park,76.83,3.5,19622,F,NA,483,1100
Deer Park,76.83,3.5,19623,M,NA,441,700
Deer Park,76.83,3.5,19624,F,NA,550,1500
Deer Park,76.98,4,19625,F,NA,762,4100
Deer Park,76.98,4,19626,F,NA,680,3400
Deer Park,76.98,4,19627,M,NA,593,2100
Deer Park,76.98,4,19628,F,NA,600,1800
Deer Park,76.98,4,19629,M,NA,436,700
Deer Park,76.98,4,19630,F,NA,485,1000
Deer Park,76.98,4,19631,M,NA,511,1300
Deer Park,76.98,4,19632,M,NA,560,1800
Deer Park,77.9,2,19633,M,NA,522,1100
Deer Park,77.9,2,19634,NA,NA,452,800
Deer Park,77.9,2,19635,NA,NA,570,1700
Deer Park,77.9,2,19636,F,NA,629,2000
Deer Park,77.9,2,19637,M,NA,340,400
Deer Park,77.9,2,19638,F,NA,562,1600
Deer Park,23.93,3,19639,NA,NA,413,900
Deer Park,18.75,3.5,19640,NA,NA,496,900
Deer Park,18.75,3.5,19642,NA,NA,590,1500
Deer Park,18.75,3.5,19643,NA,NA,495,1000
Deer Park,18.75,3.5,19644,NA,NA,427,700
Deer Park,18.75,3.5,19648,NA,NA,385,600
Deer Park,18.75,3.5,19649,NA,NA,400,1000
Deer Park,18.75,3.5,19650,NA,NA,432,800
Deer Park,17.23,5.5,19651,NA,NA,374,300
Deer Park,16.31,5,19653,NA,NA,496,900
Deer Park,15.55,4,19654,NA,NA,486,1200
Deer Park,15.55,4,19655,NA,NA,566,1600
Deer Park,15.55,4,19656,NA,NA,448,500
Deer Park,15.4,4.5,19661,NA,NA,542,1500
Deer Park,15.4,4.5,19662,NA,NA,510,900
Deer Park,17.84,3.5,19669,NA,NA,508,1100
Deer Park,17.84,2.5,19670,NA,NA,572,1700
Deer Park,18.29,4.5,19673,NA,NA,444,600
Deer Park,18.9,3.5,19677,NA,NA,562,2000
Deer Park,19.66,4,19678,NA,NA,530,1600
Blind Sucker,47.1,3.5,19858,M,10,472,800
Blind Sucker,29.12,4.5,19684,M,NA,509,1100
Little Lake Harbor,21.04,5.5,19282,F,11,523,1700
Blind Sucker,22.71,4,19707,M,12,474,800
Little Lake Harbor,51.07,6,19346,F,12,524,1700
Blind Sucker,60.52,4,19733,M,11,482,900
Blind Sucker,62.35,3.5,19741,F,17,526,1800
Little Lake Harbor,49.85,2,19322,M,10,483,900
Little Lake Harbor,49.54,3.5,19252,M,10,485,1000
Blind Sucker,68.75,2.5,19751,F,12,527,1600
Little Lake Harbor,51.83,3.5,19327,M,13,487,1200
Blind Sucker,43.45,3.5,19846,F,13,527,1200
Little Lake Harbor,51.83,3.5,19328,F,11,530,1400
Little Lake Harbor,35.67,4,19230,M,9,488,1200
Blind Sucker,45.58,4.5,19720,F,16,530,700
Little Lake Harbor,37.04,3,19300,M,11,488,1150
Blind Sucker,62.35,3.5,19743,M,10,490,1100
Blind Sucker,36.43,4.5,19817,M,9,492,1000
Grand Marais,50.46,4,19905,M,11,495,1200
Blind Sucker,28.05,3.5,19687,M,10,496,1200
Little Lake Harbor,21.19,5,19280,M,10,497,1100
Blind Sucker,36.43,4.5,19818,F,11,530,1400
Little Lake Harbor,46.49,3.5,19242,F,11,533,1100
Grand Marais,45.73,3.5,19896,F,11,535,1300
Little Lake Harbor,51.83,3.5,19330,M,11,498,1350
Blind Sucker,47.1,3.5,19859,M,12,500,1200
Blind Sucker,58.69,3.5,19728,M,12,502,1100
Blind Sucker,59.6,6,19766,F,13,536,1500
Grand Marais,50.46,4,19906,M,11,504,1300
Grand Marais,37.35,2.5,19881,M,12,506,1400
Little Lake Harbor,43.75,3.5,19311,M,11,507,1250
Blind Sucker,60.52,2,19779,M,12,508,1000
Little Lake Harbor,49.54,3.5,19253,M,11,510,1400
Little Lake Harbor,21.19,5,19281,F,11,537,1300
Blind Sucker,69.51,5,19761,M,12,510,1100
Blind Sucker,60.06,4.5,19775,F,11,537,1900
Grand Marais,50.46,4,19904,F,13,542,1600
Grand Marais,23.48,3.5,19941,F,12,542,1300
Grand Marais,58.84,4.5,19919,M,11,511,1000
Little Lake Harbor,39.79,4,19304,F,13,543,1500
Little Lake Harbor,36.13,2.5,19297,F,11,544,1700
Little Lake Harbor,43.75,3.5,19310,F,9,545,1400
Little Lake Harbor,23.93,3,19259,F,13,546,1500
Blind Sucker,63.26,4.5,19738,M,11,512,1200
Blind Sucker,62.2,4,19762,M,11,512,1300
Little Lake Harbor,22.41,5,19268,F,13,547,1800
Grand Marais,39.94,4.5,19886,M,13,512,1200
Little Lake Harbor,23.78,6,19260,M,11,517,1250
Blind Sucker,60.06,4,19771,F,10,547,1400
Little Lake Harbor,23.48,2.5,19263,M,12,517,1200
Little Lake Harbor,40.85,3,19234,F,12,550,15800
Little Lake Harbor,49.85,2,19321,M,11,517,1000
Blind Sucker,36.43,4.5,19819,M,12,517,1400
Blind Sucker,66.62,5,19748,F,12,550,1600
Grand Marais,44.05,2.5,19892,M,12,520,1400
Blind Sucker,69.51,5,19760,F,13,550,1500
Grand Marais,57.93,3.5,19918,F,11,553,1600
Little Lake Harbor,51.52,2.5,19325,F,12,554,2200
Grand Marais,45.73,3.5,19901,M,12,520,1400
Little Lake Harbor,42.53,4.5,19307,F,15,555,1450
Blind Sucker,69.21,4.5,19759,M,13,522,1000
Little Lake Harbor,51.83,3.5,19329,M,12,525,1400
Blind Sucker,22.1,5.5,19783,F,13,555,1500
Blind Sucker,37.04,2.5,19824,F,13,556,1700
Little Lake Harbor,51.83,2.5,19335,F,12,558,1600
Blind Sucker,37.04,2.5,19825,F,12,560,1600
Grand Marais,50.46,4,19907,F,12,560,1600
Blind Sucker,68.75,2.5,19756,F,12,563,1500
Blind Sucker,45.58,4.5,19719,M,11,527,1600
Little Lake Harbor,51.83,4.5,19332,F,12,565,2200
Little Lake Harbor,51.83,5,19342,F,12,566,2000
Little Lake Harbor,48.32,4,19319,M,10,530,1850
Little Lake Harbor,44.97,5,19239,M,12,535,1600
Blind Sucker,63.57,3,19736,F,18,566,1800
Blind Sucker,22.26,5,19709,M,12,535,1300
Blind Sucker,62.04,4,19744,M,13,535,1500
Little Lake Harbor,45.27,4,19240,M,12,538,1550
Blind Sucker,26.68,5.5,19695,M,12,541,1500
Little Lake Harbor,48.32,4,19247,F,13,567,1700
Grand Marais,24.24,4,19939,F,11,568,1600
Blind Sucker,20.43,4.5,19786,M,11,542,1400
Blind Sucker,48.78,4,19865,M,13,542,1500
Blind Sucker,33.54,6,19801,M,NA,560,1600
Blind Sucker,33.54,6,19802,M,NA,548,1900
Blind Sucker,33.54,6,19803,F,NA,580,1900
Blind Sucker,34.15,3,19806,M,NA,515,1300
Blind Sucker,34.76,3.5,19808,M,NA,521,1300
Blind Sucker,34.76,3.5,19809,M,NA,526,1100
Blind Sucker,34.76,3.5,19810,M,NA,415,500
Blind Sucker,35.37,5,19811,M,NA,547,1500
Blind Sucker,35.82,4,19812,F,NA,457,800
Blind Sucker,35.82,4,19813,F,NA,538,1600
Blind Sucker,35.82,4,19814,F,NA,595,1900
Blind Sucker,36.13,2,19815,F,NA,566,2000
Blind Sucker,36.13,2,19816,M,NA,468,800
Little Lake Harbor,51.37,3.5,19345,M,10,550,1500
Blind Sucker,63.26,4.5,19739,F,13,569,1700
Blind Sucker,60.52,2,19778,M,13,550,1400
Blind Sucker,50.15,4.5,19869,F,12,578,1800
Blind Sucker,36.74,5.5,19821,M,NA,545,2000
Grand Marais,55.18,5,19910,M,14,552,1500
Little Lake Harbor,51.83,2,19341,F,11,588,2000
Little Lake Harbor,51.83,4.5,19334,F,12,591,2300
Blind Sucker,37.35,3,19827,M,NA,491,1100
Blind Sucker,37.35,3,19830,M,NA,398,500
Blind Sucker,37.35,3,19831,M,NA,660,2300
Blind Sucker,37.65,4,19832,M,NA,493,1000
Blind Sucker,38.41,4.5,19833,M,NA,579,1800
Blind Sucker,38.87,2,19834,M,NA,559,1500
Blind Sucker,38.87,2,19835,F,NA,511,1200
Blind Sucker,39.33,3,19839,M,NA,600,2000
Blind Sucker,41.16,2.5,19841,F,NA,583,2000
Blind Sucker,42.07,3.5,19842,F,NA,555,1700
Little Lake Harbor,21.65,3,19270,M,13,553,1500
Blind Sucker,49.54,5.5,19868,F,13,591,1800
Blind Sucker,50,2,19871,F,13,595,1600
Little Lake Harbor,46.8,4.5,19244,F,14,597,2550
Blind Sucker,44.05,5,19848,F,NA,591,2100
Blind Sucker,44.05,5,19849,F,NA,532,1400
Blind Sucker,44.05,5,19850,M,NA,540,1600
Blind Sucker,44.82,2.5,19851,M,NA,535,1500
Blind Sucker,44.82,2.5,19852,F,NA,517,1400
Blind Sucker,44.82,2.5,19853,M,NA,408,500
Blind Sucker,44.82,2.5,19854,F,NA,540,1500
Blind Sucker,46.34,4.5,19855,F,NA,427,900
Blind Sucker,46.34,4.5,19856,M,NA,483,1300
Blind Sucker,47.1,3.5,19857,M,NA,535,1500
Blind Sucker,27.59,3,19694,M,13,555,1400
Blind Sucker,49.54,5.5,19867,M,12,566,1600
Little Lake Harbor,48.32,4,19318,F,13,602,2300
Blind Sucker,47.56,6,19862,F,NA,583,2000
Blind Sucker,47.56,6,19863,M,NA,569,1800
Little Lake Harbor,20.88,3.5,19283,F,15,604,2300
Little Lake Harbor,51.83,4.5,19333,M,14,572,2000
Little Lake Harbor,22.87,4,19265,M,10,573,1750
Blind Sucker,25.76,4,19698,F,12,610,2200
Blind Sucker,52.29,5.5,19722,F,14,610,2000
Little Lake Harbor,46.8,4.5,19245,F,20,613,3100
Grand Marais,33.08,5,19872,M,NA,438,700
Grand Marais,33.69,6,19873,M,NA,482,1100
Blind Sucker,61.89,5,19734,F,16,617,2200
Grand Marais,34.45,4.5,19876,M,NA,455,800
Grand Marais,35.37,4,19878,M,NA,478,1000
Little Lake Harbor,51.83,4.5,19331,M,13,575,1900
Grand Marais,38.11,3,19882,F,NA,458,800
Grand Marais,38.72,4,19883,F,NA,495,1000
Grand Marais,38.72,4,19884,F,NA,467,800
Grand Marais,38.72,4,19885,NA,NA,472,800
Blind Sucker,58.69,3.5,19730,M,10,575,1000
Grand Marais,41.62,3,19887,F,NA,463,900
Grand Marais,41.62,3,19888,F,NA,488,1200
Grand Marais,44.05,2.5,19889,F,NA,390,400
Grand Marais,44.05,2.5,19890,F,NA,433,600
Grand Marais,44.05,2.5,19891,M,NA,442,700
Blind Sucker,59.91,3.5,19776,M,12,575,2100
Grand Marais,45.73,3.5,19895,M,NA,465,1000
Blind Sucker,62.35,3.5,19740,F,15,620,2300
Grand Marais,45.73,3.5,19897,F,NA,415,600
Grand Marais,45.73,3.5,19898,M,NA,372,400
Grand Marais,45.73,3.5,19899,M,NA,492,300
Grand Marais,45.73,3.5,19900,M,NA,320,300
Blind Sucker,42.84,4,19843,M,13,575,1600
Grand Marais,45.73,3.5,19902,M,NA,405,600
Grand Marais,45.73,3.5,19903,M,NA,459,900
Little Lake Harbor,39.79,4,19302,F,15,630,2900
Blind Sucker,29.12,4.5,19683,M,15,585,2100
Grand Marais,55.18,5,19911,M,19,585,2000
Blind Sucker,26.68,5.5,19696,F,10,643,2400
Grand Marais,50.46,4,19908,F,NA,418,700
Grand Marais,33.69,6,19874,F,15,643,2400
Little Lake Harbor,44.66,2.5,19238,M,14,600,2250
Grand Marais,65.4,4.5,19928,M,19,600,2000
Grand Marais,55.95,2.5,19912,F,NA,499,1100
Grand Marais,55.95,2.5,19913,F,NA,463,1000
Grand Marais,55.95,2.5,19914,NA,NA,430,500
Blind Sucker,62.04,4,19745,F,19,647,2500
Grand Marais,57.93,3.5,19916,M,NA,480,1000
Grand Marais,57.93,3.5,19917,M,NA,474,900
Little Lake Harbor,21.19,3.5,19274,F,21,667,2900
Blind Sucker,22.71,4,19706,M,13,607,2400
Grand Marais,61.28,3.5,19920,F,NA,477,900
Grand Marais,61.28,3.5,19921,F,NA,440,700
Grand Marais,61.28,3.5,19922,F,NA,398,400
Grand Marais,62.96,3,19923,M,NA,429,600
Grand Marais,62.96,3,19924,F,NA,456,700
Grand Marais,62.96,3,19925,M,NA,442,700
Grand Marais,64.02,4,19926,M,NA,478,900
Grand Marais,64.02,4,19927,M,NA,467,1000
Little Lake Harbor,18.9,3,19289,M,11,608,2100
Grand Marais,32.93,2,19929,M,NA,457,600
Grand Marais,26.98,3.5,19930,M,NA,483,900
Grand Marais,26.98,3.5,19931,M,NA,404,500
Grand Marais,26.52,3,19932,M,NA,396,600
Grand Marais,25.91,4,19934,NA,NA,490,1100
Grand Marais,24.85,6,19936,F,NA,435,800
Grand Marais,24.7,3,19937,M,NA,428,600
Blind Sucker,68.75,2.5,19757,F,13,676,2800
Grand Marais,23.48,3.5,19940,M,NA,452,800
Little Lake Harbor,43.14,2.5,19308,F,14,694,4000
Grand Marais,23.63,2.5,19942,F,NA,456,700
Grand Marais,23.48,3,19943,F,NA,454,700
Grand Marais,23.02,4.5,19945,F,NA,460,1000
Grand Marais,23.17,3,19947,F,NA,462,900
Grand Marais,19.66,3,19953,M,NA,386,550
Grand Marais,19.66,3,19954,M,NA,417,600
Grand Marais,19.66,3,19955,M,NA,398,500
Grand Marais,19.66,3,19956,F,NA,446,800
Grand Marais,43.9,2,19963,F,NA,442,650
Grand Marais,43.9,2,19964,M,NA,396,600
Grand Marais,43.9,2,19965,F,NA,354,400
Grand Marais,43.9,2,19966,M,NA,445,500
Grand Marais,43.9,2,19967,F,NA,335,300
Grand Marais,43.9,2,19968,NA,NA,426,500
Grand Marais,47.1,4.5,19969,F,NA,460,800
Grand Marais,47.1,4.5,19970,M,NA,465,1000
Grand Marais,47.1,4.5,19971,F,NA,491,1000
Grand Marais,47.1,4.5,19972,M,NA,451,800
Grand Marais,51.07,5.5,19973,F,NA,415,500
Grand Marais,51.07,5.5,19974,M,NA,581,1900
Grand Marais,54.73,3,19975,M,NA,450,800
Grand Marais,54.73,3,19976,F,NA,440,700
Grand Marais,54.73,3,19977,M,NA,392,400
Grand Marais,54.73,3,19978,F,NA,404,400
Grand Marais,54.73,3,19979,M,NA,465,800
Grand Marais,54.73,3,19980,M,NA,451,500
Grand Marais,54.73,3,19981,F,NA,350,200
Grand Marais,58.38,2.5,19982,M,NA,480,900
Grand Marais,58.38,2.5,19983,F,NA,430,700
Grand Marais,58.38,2.5,19984,F,NA,333,200
Grand Marais,58.38,2.5,19985,F,NA,457,900
Grand Marais,58.38,2.5,19986,M,NA,309,200
Grand Marais,58.38,2.5,19987,M,NA,600,1700
Grand Marais,61.43,3.5,19988,F,NA,442,700
Grand Marais,61.43,3.5,19989,F,NA,428,500
Grand Marais,61.43,3.5,19990,F,NA,545,1300
Grand Marais,61.43,3.5,19991,F,NA,449,800
Grand Marais,61.43,3.5,19992,F,NA,407,600
Grand Marais,61.43,3.5,19993,F,NA,507,1100
Grand Marais,70.43,2.5,19994,M,NA,434,600
Grand Marais,70.43,2.5,19995,M,NA,405,450
Grand Marais,70.43,2.5,19996,F,NA,502,1000
Grand Marais,76.83,3.5,19997,M,NA,497,1000
Grand Marais,76.83,3.5,19998,M,NA,482,900
Grand Marais,76.83,3.5,19999,F,NA,453,900
Grand Marais,76.83,3.5,20000,M,NA,420,600
Grand Marais,76.83,3.5,20002,M,NA,490,1000
Grand Marais,80.95,2,20004,M,NA,446,850
Grand Marais,80.95,2,20005,F,NA,348,400
Grand Marais,80.95,2,20006,F,NA,295,200
Grand Marais,80.95,2,20007,M,NA,351,300
Grand Marais,80.95,2,20008,M,NA,285,200
Grand Marais,80.95,2,20009,F,NA,295,250
Grand Marais,80.95,2,20010,M,NA,335,300
Grand Marais,87.35,5.5,20014,F,NA,319,200
Grand Marais,90.85,2.5,20016,M,NA,372,400
Grand Marais,90.85,2.5,20018,M,NA,400,500
Grand Marais,90.85,2.5,20019,M,NA,465,1100
Grand Marais,90.85,2.5,20020,M,NA,454,1300
Grand Marais,90.85,2.5,20021,F,NA,427,700
Grand Marais,90.85,2.5,20022,F,NA,415,700
Grand Marais,90.85,2.5,20023,F,NA,392,500
Grand Marais,90.85,2.5,20024,M,NA,351,300
Grand Marais,90.85,2.5,20025,M,NA,395,300
Grand Marais,90.85,2.5,20026,F,NA,398,400
Grand Marais,90.85,2.5,20027,M,NA,368,300
Grand Marais,90.85,2.5,20028,F,NA,385,300
Grand Marais,90.85,2.5,20029,M,NA,503,900
Grand Marais,90.85,2.5,20030,M,NA,315,200
Grand Marais,90.85,2.5,20031,F,NA,338,200
Grand Marais,90.85,2.5,20032,M,NA,360,300
Grand Marais,90.85,2.5,20033,NA,NA,292,150
Grand Marais,90.85,2.5,20034,M,NA,395,450
Grand Marais,90.85,2.5,20035,M,NA,336,250
Grand Marais,90.85,2.5,20036,M,NA,370,300
Grand Marais,90.85,2.5,20037,M,NA,323,200
Grand Marais,92.68,4.5,20038,F,NA,472,750
Grand Marais,98.78,3.5,20039,F,NA,487,800
Grand Marais,98.78,3.5,20040,M,NA,490,700
Grand Marais,98.78,3.5,20041,M,NA,405,500
Grand Marais,101.52,2,20042,M,NA,575,1800
Grand Marais,101.52,2,20043,F,NA,532,1000
Grand Marais,101.52,2,20044,F,NA,354,300
Grand Marais,101.52,2,20045,M,NA,329,200
Grand Marais,101.52,2,20046,F,NA,361,400
Grand Marais,101.52,2,20047,F,NA,283,250
Grand Marais,102.59,6,20049,M,NA,272,150
Grand Marais,103.51,2.5,20050,M,NA,440,650
Grand Marais,104.42,3,20051,M,NA,415,500
Grand Marais,108.69,4.5,20052,F,NA,452,700
Grand Marais,108.69,4.5,20053,F,NA,294,200
